{
  "sdkVersion": "0.0.0",
  "nodeVersion": "v24.1.0",
  "avgTrackMs": 0.028700031999999837,
  "p95TrackMs": 0.04379999999991924,
  "p99TrackMs": 0.07079999999996289,
  "memoryUsageEstimate": 26139312,
  "serializedGraphSizeBytes": 1409
}
