{
  "sdkVersion": "1.0.0",
  "nodeVersion": "v24.1.0",
  "avgTrackMs": 0.002128530999999922,
  "p95TrackMs": 0.0036999999999807187,
  "p99TrackMs": 0.0046999999999854936,
  "memoryUsageEstimate": 9267336,
  "serializedGraphSizeBytes": 101
}
