{
  "sdkVersion": "1.0.0",
  "nodeVersion": "v24.1.0",
  "avgTrackMs": 0.001889714000000032,
  "p95TrackMs": 0.003199999999992542,
  "p99TrackMs": 0.003999999999990678,
  "memoryUsageEstimate": 8914368,
  "serializedGraphSizeBytes": 101
}
