{
  "sdkVersion": "1.0.0",
  "nodeVersion": "v24.1.0",
  "avgTrackMs": 0.029375480999999745,
  "p95TrackMs": 0.047299999999722786,
  "p99TrackMs": 0.07750000000010004,
  "memoryUsageEstimate": 26738536,
  "serializedGraphSizeBytes": 1409
}
