{
  "baseline": {
    "TPR": 1,
    "FPR": 1,
    "Precision": 0.08333333333333333,
    "Recall": 1,
    "F1": 0.15384615384615385,
    "avgDetectionLatency": 2.4166666666666665
  },
  "noisy": {
    "TPR": 1,
    "FPR": 0,
    "Precision": 1,
    "Recall": 1,
    "F1": 1,
    "avgDetectionLatency": 2.0416666666666665
  },
  "adversarial": {
    "TPR": 1,
    "FPR": 0,
    "Precision": 1,
    "Recall": 1,
    "F1": 1,
    "avgDetectionLatency": 1.2083333333333333
  },
  "random": {
    "TPR": 1,
    "FPR": 0,
    "Precision": 1,
    "Recall": 1,
    "F1": 1,
    "avgDetectionLatency": 2.25
  }
}
